INSERT INTO DEPARTMENT VALUES (1,'ACCOUNTS','RNSACC02','01-JAN-01');
INSERT INTO DEPARTMENT VALUES (2,'IT','RNSIT01','01-AUG-16');
INSERT INTO DEPARTMENT VALUES (3,'ECE','RNSECE01','01-JUN-08');
INSERT INTO DEPARTMENT VALUES (4,'ISE','RNSISE01','01-AUG-15');
INSERT INTO DEPARTMENT VALUES (5,'CSE','RNSCSE05','01-JUN-02');

INSERT INTO EMPLOYEE VALUES ('RNSECE01','JOHN','SCOTT','BANGALORE','M', 450000,NULL,3);
INSERT INTO EMPLOYEE VALUES ('RNSCSE02','JAMES','SMITH','BANGALORE','M', 500000,'RNSCSE02',5);
INSERT INTO EMPLOYEE VALUES ('RNSCSE03','HEARN','BAKER','BANGALORE','M', 700000,'RNSCSE03',5);
INSERT INTO EMPLOYEE VALUES ('RNSCSE04','EDWARD','SCOTT','MYSORE','M', 500000,'RNSCSE04',5);
INSERT INTO EMPLOYEE VALUES ('RNSCSE05','PAVAN','HEGDE','MANGALORE','M', 650000,'RNSCSE05',5);
INSERT INTO EMPLOYEE VALUES ('RNSCSE06','GIRISH','MALYA','MYSORE','M', 450000,'RNSCSE06',5);
INSERT INTO EMPLOYEE VALUES ('RNSACC01','NEHA','SN','BANGALORE','F', 800000,NULL,5);
INSERT INTO EMPLOYEE VALUES ('RNSACC02','AHANA','K','MANGALORE','F', 350000,'RNSACC02',1);
INSERT INTO EMPLOYEE VALUES ('RNSACC03','SANTHOSH','KUMAR','MANGALORE','M', 300000,NULL,1);
INSERT INTO EMPLOYEE VALUES ('RNSISE01','VEENA','M','MYSORE','M', 600000,NULL,4);
INSERT INTO EMPLOYEE VALUES ('RNSIT01','NAGESH','HR','BANGALORE','M', 500000,NULL,2);

INSERT INTO DLOCATION VALUES (1, 'BANGALORE');
INSERT INTO DLOCATION VALUES (2, 'BANGALORE');
INSERT INTO DLOCATION VALUES (3, 'BANGALORE');
INSERT INTO DLOCATION VALUES (4, 'MANGALORE');
INSERT INTO DLOCATION VALUES (5, 'MANGALORE');

INSERT INTO PROJECT VALUES (100,'IOT','BANGALORE',5);
INSERT INTO PROJECT VALUES (101,'CLOUD','BANGALORE',5);
INSERT INTO PROJECT VALUES (102, 'BIGDATA','BANGALORE',5);
INSERT INTO PROJECT VALUES (103,'SENSORS','BANGALORE',3);
INSERT INTO PROJECT VALUES (104,'BANK MANAGEMENT','BANGALORE',1);
INSERT INTO PROJECT VALUES (105,'SALARY MANAGEMENT','BANGALORE',1);
INSERT INTO PROJECT VALUES (106,'OPENSTACK','BANGALORE',4);
INSERT INTO PROJECT VALUES (107,'SMART CITY','BANGALORE',2);

INSERT INTO WORKS_ON VALUES ('RNSECE01',100,100);
INSERT INTO WORKS_ON VALUES ('RNSECE01',101,101);
INSERT INTO WORKS_ON VALUES ('RNSECE01',102,102);
INSERT INTO WORKS_ON VALUES ('RNSCSE02',101,100);
INSERT INTO WORKS_ON VALUES ('RNSCSE04',103,100);
INSERT INTO WORKS_ON VALUES ('RNSCSE05',104,101);
INSERT INTO WORKS_ON VALUES ('RNSCSE06',105,102);
INSERT INTO WORKS_ON VALUES ('RNSCSE03',104,102);
INSERT INTO WORKS_ON VALUES ('RNSCSE03',102,103);
INSERT INTO WORKS_ON VALUES ('RNSACC01',103,104);
INSERT INTO WORKS_ON VALUES ('RNSACC02',100,105);
INSERT INTO WORKS_ON VALUES ('RNSISE01',101,106);
INSERT INTO WORKS_ON VALUES ('RNSIT01',101,107);